{"ring_2":{"x":0,"y":180,"enabled":false,"halign":"LEFT","valign":"TOP"},"aether_ring":{"x":0,"y":20,"enabled":false,"halign":"LEFT","valign":"TOP"},"feet":{"x":0,"y":60,"enabled":false,"halign":"LEFT","valign":"TOP"},"hands":{"x":0,"y":80,"enabled":false,"halign":"LEFT","valign":"TOP"},"aether_gloves":{"x":0,"y":120,"enabled":false,"halign":"LEFT","valign":"TOP"},"belt":{"x":0,"y":140,"enabled":false,"halign":"LEFT","valign":"TOP"},"ring":{"x":0,"y":160,"enabled":false,"halign":"LEFT","valign":"TOP"},"aether_cape":{"x":0,"y":200,"enabled":false,"halign":"LEFT","valign":"TOP"},"back":{"x":0,"y":220,"enabled":false,"halign":"LEFT","valign":"TOP"},"bracelet":{"x":0,"y":240,"enabled":false,"halign":"LEFT","valign":"TOP"},"necklace":{"x":0,"y":280,"enabled":false,"halign":"LEFT","valign":"TOP"},"an_focus":{"x":0,"y":300,"enabled":false,"halign":"LEFT","valign":"TOP"},"body":{"x":0,"y":320,"enabled":false,"halign":"LEFT","valign":"TOP"},"curio":{"x":0,"y":340,"enabled":false,"halign":"LEFT","valign":"TOP"},"aether_accessory_2":{"x":0,"y":440,"enabled":false,"halign":"LEFT","valign":"TOP"},"head":{"x":0,"y":360,"enabled":false,"halign":"LEFT","valign":"TOP"},"aether_ring_2":{"x":0,"y":40,"enabled":false,"halign":"LEFT","valign":"TOP"},"aether_shield":{"x":0,"y":380,"enabled":false,"halign":"LEFT","valign":"TOP"},"charm":{"x":0,"y":400,"enabled":false,"halign":"LEFT","valign":"TOP"},"aether_accessory":{"x":0,"y":420,"enabled":false,"halign":"LEFT","valign":"TOP"},"bracelet_2":{"x":0,"y":260,"enabled":false,"halign":"LEFT","valign":"TOP"},"aether_pendant":{"x":0,"y":460,"enabled":false,"halign":"LEFT","valign":"TOP"},"hands_2":{"x":0,"y":100,"enabled":false,"halign":"LEFT","valign":"TOP"},"bundle":{"x":0,"y":480,"enabled":false,"halign":"LEFT","valign":"TOP"}}