{
  "__comment": "Instructions: https://blakesmods.com/docs/cucumber/tags-config",
  "forge:gems/apatite": "null",
  "forge:ingots/aluminum": "alltheores:aluminum_ingot",
  "forge:ingots/uranium": "mekanism:ingot_uranium",
  "forge:ingots/silver": "iceandfire:silver_ingot",
  "forge:gems/peridot": "alltheores:peridot",
  "forge:ingots/graphite": "null",
  "forge:ingots/zinc": "create:zinc_ingot",
  "forge:ingots/iridium": "alltheores:iridium_ingot",
  "forge:gems/sapphire": "iceandfire:sapphire_gem",
  "forge:ingots/platinum": "alltheores:platinum_ingot",
  "forge:ingots/nickel": "alltheores:nickel_ingot",
  "forge:ingots/mithril": "null",
  "forge:ingots/steel": "mekanism:ingot_steel",
  "forge:ingots/tin": "mekanism:ingot_tin",
  "forge:rubber": "null",
  "forge:ingots/bronze": "mekanism:ingot_bronze",
  "forge:gems/ruby": "alltheores:ruby",
  "forge:ingots/titanium": "null",
  "forge:ingots/tungsten": "null",
  "forge:ingots/lead": "mekanism:ingot_lead",
  "forge:dusts/saltpeter": "null",
  "forge:dusts/niter": "null",
  "forge:ingots/constantan": "alltheores:constantan_ingot",
  "forge:ingots/chrome": "null",
  "forge:dusts/sulfur": "mekanism:dust_sulfur",
  "forge:ingots/invar": "alltheores:invar_ingot",
  "forge:ingots/brass": "create:brass_ingot",
  "forge:silicon": "refinedstorage:silicon",
  "forge:ingots/electrum": "createaddition:electrum_ingot"
}